text_id,cohesion,syntax,vocabulary,phraseology,grammar,conventions
0000C359D63E,2.9708395,2.8772547,3.1818752,3.0470264,2.7934358,2.7337103
000BAD50D026,2.6737058,2.4873843,2.680555,2.3617404,2.1376748,2.631564
00367BB2546B,3.6676576,3.4263735,3.5888572,3.5662599,3.4001212,3.2949991
