text_id,cohesion,syntax,vocabulary,phraseology,grammar,conventions
0000C359D63E,2.9272504,2.7590976,3.0909066,2.983907,2.65453,2.6255271
000BAD50D026,2.6972966,2.5020626,2.7439728,2.3595088,2.1216204,2.6074338
00367BB2546B,3.7087243,3.4603252,3.6537158,3.513729,3.3713195,3.2625415
