text_id,cohesion,syntax,vocabulary,phraseology,grammar,conventions
0000C359D63E,2.9731404999999995,2.80678635,3.124836775,2.964706675,2.651384725,2.6480949000000003
000BAD50D026,2.66440125,2.4861149,2.729507575,2.4199128,2.1654416000000003,2.670026525
00367BB2546B,3.4643005000000002,3.2966643749999998,3.5311015,3.4931967250000002,3.3231221250000003,3.170040725
