text_id,cohesion,syntax,vocabulary,phraseology,grammar,conventions
0000C359D63E,2.9438014,2.8402884,3.1265376,2.966247,2.6725428,2.6872077
000BAD50D026,2.6541433,2.4987047,2.7016995,2.4078317,2.1761847,2.667262
00367BB2546B,3.469338,3.3431118,3.554707,3.5040848,3.3436005,3.2119927
