,text_id,cohesion,syntax,vocabulary,phraseology,grammar,conventions
0,0000C359D63E,2.94845644,2.8085049300000002,3.123012555,2.9891588150000006,2.685284665,2.66401342
1,000BAD50D026,2.67736871,2.4952658199999997,2.719941535,2.3817005,2.1445083800000004,2.636744025
2,00367BB2546B,3.60374894,3.3973600150000003,3.59641946,3.518199885,3.361896565,3.240423105
